start,h,actual_mw,forecast_mw,snaive_daily_mw,copy_yesterday_mw
2025-08-19 09:00:00,1,26981.0,25956.46823770956,26587.0,26587.0
2025-08-19 09:00:00,2,26713.0,25795.43558951567,26654.0,26654.0
2025-08-19 09:00:00,3,26401.0,25731.56994079009,26599.0,26599.0
2025-08-19 09:00:00,4,25943.0,25677.078856367883,26588.0,26588.0
2025-08-19 09:00:00,5,25487.0,25748.903792691384,26587.0,26587.0
2025-08-19 09:00:00,6,25076.0,25800.010747841447,26517.0,26517.0
2025-08-19 09:00:00,7,25180.0,25901.212907085057,26338.0,26338.0
2025-08-19 09:00:00,8,24899.0,25991.227879464157,26224.0,26224.0
2025-08-19 09:00:00,9,24543.0,26027.925506430125,26097.0,26097.0
2025-08-19 09:00:00,10,24390.0,25911.34150328648,25828.0,25828.0
2025-08-19 09:00:00,11,24465.0,25666.170701894185,25867.0,25867.0
2025-08-19 09:00:00,12,24416.0,25586.318380608413,26096.0,26096.0
2025-08-19 09:00:00,13,24612.0,25390.059713704544,26030.0,26030.0
2025-08-19 09:00:00,14,25765.0,25728.362943754724,26061.0,26061.0
2025-08-19 09:00:00,15,26478.0,25880.47219865313,26211.0,26211.0
2025-08-19 09:00:00,16,26929.0,26812.645929272407,26981.0,26981.0
2025-08-19 09:00:00,17,27432.0,27295.682909721123,27424.0,27424.0
2025-08-19 09:00:00,18,28271.0,28294.546525166916,28559.0,28559.0
2025-08-19 09:00:00,19,28085.0,28715.21522982277,28560.0,28560.0
2025-08-19 09:00:00,20,28214.0,28883.09138847407,28768.0,28768.0
2025-08-19 09:00:00,21,28027.0,28610.46348157541,28258.0,28258.0
2025-08-19 09:00:00,22,27864.0,28352.250811045044,27718.0,27718.0
2025-08-19 09:00:00,23,27737.0,28362.77865751779,27800.0,27800.0
2025-08-19 09:00:00,24,27451.0,28346.58417432108,27832.0,27832.0
2025-08-19 09:00:00,25,26872.0,28015.780975822963,27254.0,27254.0
2025-08-19 09:00:00,26,25988.0,27172.276667179623,26432.0,26432.0
2025-08-19 09:00:00,27,24801.0,25945.591566375435,25181.0,25181.0
2025-08-19 09:00:00,28,23164.0,24996.99429268958,23991.0,23991.0
2025-08-19 09:00:00,29,22367.0,23741.6832641713,22897.0,22897.0
2025-08-19 09:00:00,30,21257.0,22808.82399056824,22034.0,22034.0
2025-08-19 09:00:00,31,20753.0,21472.332389766503,21533.0,21533.0
2025-08-19 09:00:00,32,20656.0,21244.11520012788,21276.0,21276.0
2025-08-19 09:00:00,33,20331.0,20503.31186844055,20576.0,20576.0
2025-08-19 09:00:00,34,20056.0,20198.310605229348,20288.0,20288.0
2025-08-19 09:00:00,35,19596.0,20010.774140292953,20083.0,20083.0
2025-08-19 09:00:00,36,19155.0,19791.918424560306,19649.0,19649.0
2025-08-19 09:00:00,37,18739.0,20031.5206045536,19354.0,19354.0
2025-08-19 09:00:00,38,18354.0,19695.066884927426,19237.0,19237.0
2025-08-19 09:00:00,39,18571.0,19435.786344543845,18935.0,18935.0
2025-08-19 09:00:00,40,18604.0,19372.293149968194,18852.0,18852.0
2025-08-19 09:00:00,41,18738.0,19853.293414330998,19120.0,19120.0
2025-08-19 09:00:00,42,19424.0,20628.557784784578,19735.0,19735.0
2025-08-19 09:00:00,43,20790.0,21643.708833763332,20920.0,20920.0
2025-08-19 09:00:00,44,21599.0,23076.59096849455,22142.0,22142.0
2025-08-19 09:00:00,45,23378.0,24464.571757848582,23931.0,23931.0
2025-08-19 09:00:00,46,24510.0,24994.001769005987,24926.0,24926.0
2025-08-19 09:00:00,47,25885.0,26015.10967937555,26437.0,26437.0
2025-08-19 09:00:00,48,26134.0,26319.275319776403,26822.0,26822.0
2025-03-27 06:30:00,1,25823.0,27603.1261046538,27832.0,27832.0
2025-03-27 06:30:00,2,28683.0,28787.486108415556,29333.0,29333.0
2025-03-27 06:30:00,3,29241.0,29296.461867572558,29756.0,29756.0
2025-03-27 06:30:00,4,29645.0,29031.018595684378,29911.0,29911.0
2025-03-27 06:30:00,5,29484.0,28398.263452323823,29344.0,29344.0
2025-03-27 06:30:00,6,29261.0,28090.85426886256,28902.0,28902.0
2025-03-27 06:30:00,7,28432.0,27263.256124982927,28036.0,28036.0
2025-03-27 06:30:00,8,27507.0,26281.82512552873,26754.0,26754.0
2025-03-27 06:30:00,9,26618.0,25763.12594937321,25985.0,25985.0
2025-03-27 06:30:00,10,25534.0,25003.168699562062,25164.0,25164.0
2025-03-27 06:30:00,11,25074.0,24980.468138851153,24835.0,24835.0
2025-03-27 06:30:00,12,24790.0,25228.915188665538,25102.0,25102.0
2025-03-27 06:30:00,13,24617.0,24999.770740831318,24683.0,24683.0
2025-03-27 06:30:00,14,24579.0,24635.951813434545,24121.0,24121.0
2025-03-27 06:30:00,15,24271.0,24460.416352177173,23625.0,23625.0
2025-03-27 06:30:00,16,24231.0,23851.27174911214,23268.0,23268.0
2025-03-27 06:30:00,17,24255.0,23941.506939076902,23317.0,23317.0
2025-03-27 06:30:00,18,24492.0,24112.0962842513,23870.0,23870.0
2025-03-27 06:30:00,19,25917.0,25182.284764682303,25142.0,25142.0
2025-03-27 06:30:00,20,27055.0,26638.75533627139,26858.0,26858.0
2025-03-27 06:30:00,21,29044.0,28394.40640766527,28944.0,28944.0
2025-03-27 06:30:00,22,30868.0,30544.722120416194,31320.0,31320.0
2025-03-27 06:30:00,23,31793.0,31749.223564428856,32909.0,32909.0
2025-03-27 06:30:00,24,32339.0,32608.41475278543,33940.0,33940.0
2025-03-27 06:30:00,25,32938.0,33475.471974579035,34895.0,34895.0
2025-03-27 06:30:00,26,33226.0,33678.8864323884,35511.0,35511.0
2025-03-27 06:30:00,27,32641.0,33988.945391191315,34919.0,34919.0
2025-03-27 06:30:00,28,31311.0,32313.616699197748,33749.0,33749.0
2025-03-27 06:30:00,29,30054.0,31708.145785332796,32547.0,32547.0
2025-03-27 06:30:00,30,28524.0,30287.322420615314,30780.0,30780.0
2025-03-27 06:30:00,31,26652.0,28867.917165108694,28809.0,28809.0
2025-03-27 06:30:00,32,25227.0,27814.46029947398,27234.0,27234.0
2025-03-27 06:30:00,33,23684.0,26224.173596430694,25849.0,25849.0
2025-03-27 06:30:00,34,22077.0,24866.720820392147,24432.0,24432.0
2025-03-27 06:30:00,35,21459.0,23899.324103887855,23361.0,23361.0
2025-03-27 06:30:00,36,21548.0,23182.66662820191,23546.0,23546.0
2025-03-27 06:30:00,37,21879.0,23107.846452947397,23819.0,23819.0
2025-03-27 06:30:00,38,21484.0,23266.62607786785,23455.0,23455.0
2025-03-27 06:30:00,39,20891.0,22130.10514000731,22886.0,22886.0
2025-03-27 06:30:00,40,20736.0,21795.87383068444,22333.0,22333.0
2025-03-27 06:30:00,41,20060.0,21620.71360592569,21961.0,21961.0
2025-03-27 06:30:00,42,20031.0,21368.8597773887,21488.0,21488.0
2025-03-27 06:30:00,43,20071.0,21053.614214077646,21391.0,21391.0
2025-03-27 06:30:00,44,19862.0,20847.036766170433,21183.0,21183.0
2025-03-27 06:30:00,45,19646.0,21027.288603408768,21328.0,21328.0
2025-03-27 06:30:00,46,20243.0,21091.076050106654,21548.0,21548.0
2025-03-27 06:30:00,47,21117.0,21874.189390051684,22346.0,22346.0
2025-03-27 06:30:00,48,23131.0,24100.25425841495,24569.0,24569.0
2025-05-14 07:30:00,1,24228.0,25091.739901866018,24570.0,24570.0
2025-05-14 07:30:00,2,24055.0,25148.83703339153,24173.0,24173.0
2025-05-14 07:30:00,3,23308.0,24511.702277072014,23489.0,23489.0
2025-05-14 07:30:00,4,22727.0,23822.324252146544,22705.0,22705.0
2025-05-14 07:30:00,5,21537.0,23314.430480057712,21994.0,21994.0
2025-05-14 07:30:00,6,20228.0,22996.904158619684,20985.0,20985.0
2025-05-14 07:30:00,7,19501.0,22169.495048917473,20234.0,20234.0
2025-05-14 07:30:00,8,19118.0,22167.449054551253,19603.0,19603.0
2025-05-14 07:30:00,9,18654.0,22027.170058503718,19336.0,19336.0
2025-05-14 07:30:00,10,18433.0,21872.268857626426,19427.0,19427.0
2025-05-14 07:30:00,11,18405.0,22074.48875467694,19097.0,19097.0
2025-05-14 07:30:00,12,18035.0,21783.451239040725,18847.0,18847.0
2025-05-14 07:30:00,13,17849.0,21786.42710454253,18808.0,18808.0
2025-05-14 07:30:00,14,17871.0,21694.45648419301,18662.0,18662.0
2025-05-14 07:30:00,15,17706.0,21736.17153556022,18987.0,18987.0
2025-05-14 07:30:00,16,18230.0,21784.063696428984,19135.0,19135.0
2025-05-14 07:30:00,17,19201.0,22268.955212769295,20040.0,20040.0
2025-05-14 07:30:00,18,20024.0,22517.153744324823,20926.0,20926.0
2025-05-14 07:30:00,19,21524.0,23663.17099025816,22275.0,22275.0
2025-05-14 07:30:00,20,23410.0,25372.36214973365,23839.0,23839.0
2025-05-14 07:30:00,21,25054.0,26033.62932738015,25137.0,25137.0
2025-05-14 07:30:00,22,26125.0,27150.814152398536,26145.0,26145.0
2025-05-14 07:30:00,23,26901.0,27936.451775671918,27052.0,27052.0
2025-05-14 07:30:00,24,27384.0,28037.269659413232,27252.0,27252.0
2025-05-14 07:30:00,25,27574.0,28209.83481525813,27609.0,27609.0
2025-05-14 07:30:00,26,27608.0,28481.082880901697,27667.0,27667.0
2025-05-14 07:30:00,27,27613.0,28216.661880262178,27233.0,27233.0
2025-05-14 07:30:00,28,27807.0,28135.304987832904,27321.0,27321.0
2025-05-14 07:30:00,29,27186.0,27585.78380343662,27101.0,27101.0
2025-05-14 07:30:00,30,25973.0,26477.883120300867,25686.0,25686.0
2025-05-14 07:30:00,31,24638.0,24922.924487025895,24313.0,24313.0
2025-05-14 07:30:00,32,22604.0,23433.360062202526,22705.0,22705.0
2025-05-14 07:30:00,33,21497.0,22212.16943545617,21612.0,21612.0
2025-05-14 07:30:00,34,20766.0,21101.34729538573,21171.0,21171.0
2025-05-14 07:30:00,35,20490.0,20843.726224864924,20553.0,20553.0
2025-05-14 07:30:00,36,20003.0,20606.12685579205,20266.0,20266.0
2025-05-14 07:30:00,37,19790.0,20619.223147915392,20248.0,20248.0
2025-05-14 07:30:00,38,19458.0,20425.64204606627,19919.0,19919.0
2025-05-14 07:30:00,39,19333.0,19951.83837713645,19578.0,19578.0
2025-05-14 07:30:00,40,19290.0,19670.80874073713,19234.0,19234.0
2025-05-14 07:30:00,41,19222.0,19625.06089881197,19157.0,19157.0
2025-05-14 07:30:00,42,19057.0,19287.602641959824,18760.0,18760.0
2025-05-14 07:30:00,43,19069.0,19078.181299803364,18557.0,18557.0
2025-05-14 07:30:00,44,19340.0,19140.49459419625,18698.0,18698.0
2025-05-14 07:30:00,45,20086.0,19860.311567950557,19274.0,19274.0
2025-05-14 07:30:00,46,21780.0,21132.957692540353,21004.0,21004.0
2025-05-14 07:30:00,47,23070.0,22784.59940321626,22285.0,22285.0
2025-05-14 07:30:00,48,24953.0,24631.737667164118,23852.0,23852.0
2025-03-27 10:30:00,1,26618.0,25773.738040610548,25985.0,25985.0
2025-03-27 10:30:00,2,25534.0,25072.961023084332,25164.0,25164.0
2025-03-27 10:30:00,3,25074.0,25008.27169300716,24835.0,24835.0
2025-03-27 10:30:00,4,24790.0,25285.910108294163,25102.0,25102.0
2025-03-27 10:30:00,5,24617.0,24876.65665165401,24683.0,24683.0
2025-03-27 10:30:00,6,24579.0,24632.83657773819,24121.0,24121.0
2025-03-27 10:30:00,7,24271.0,24460.416352177173,23625.0,23625.0
2025-03-27 10:30:00,8,24231.0,24024.289628192022,23268.0,23268.0
2025-03-27 10:30:00,9,24255.0,24144.507060408738,23317.0,23317.0
2025-03-27 10:30:00,10,24492.0,24446.431349116654,23870.0,23870.0
2025-03-27 10:30:00,11,25917.0,25400.28803910787,25142.0,25142.0
2025-03-27 10:30:00,12,27055.0,26671.417601551504,26858.0,26858.0
2025-03-27 10:30:00,13,29044.0,28433.286599557436,28944.0,28944.0
2025-03-27 10:30:00,14,30868.0,30541.69533649699,31320.0,31320.0
2025-03-27 10:30:00,15,31793.0,31711.74099137277,32909.0,32909.0
2025-03-27 10:30:00,16,32339.0,32610.588424790014,33940.0,33940.0
2025-03-27 10:30:00,17,32938.0,33463.531815211536,34895.0,34895.0
2025-03-27 10:30:00,18,33226.0,33807.910891695334,35511.0,35511.0
2025-03-27 10:30:00,19,32641.0,33995.801522292124,34919.0,34919.0
2025-03-27 10:30:00,20,31311.0,32352.53536150686,33749.0,33749.0
2025-03-27 10:30:00,21,30054.0,31765.108853511567,32547.0,32547.0
2025-03-27 10:30:00,22,28524.0,30330.60121801152,30780.0,30780.0
2025-03-27 10:30:00,23,26652.0,28862.2159064363,28809.0,28809.0
2025-03-27 10:30:00,24,25227.0,27833.42328914287,27234.0,27234.0
2025-03-27 10:30:00,25,23684.0,26224.173596430694,25849.0,25849.0
2025-03-27 10:30:00,26,22077.0,24866.720820392147,24432.0,24432.0
2025-03-27 10:30:00,27,21459.0,23899.324103887855,23361.0,23361.0
2025-03-27 10:30:00,28,21548.0,23182.66662820191,23546.0,23546.0
2025-03-27 10:30:00,29,21879.0,23107.846452947397,23819.0,23819.0
2025-03-27 10:30:00,30,21484.0,23239.138049376223,23455.0,23455.0
2025-03-27 10:30:00,31,20891.0,22130.10514000731,22886.0,22886.0
2025-03-27 10:30:00,32,20736.0,21801.33893883602,22333.0,22333.0
2025-03-27 10:30:00,33,20060.0,21617.20573968737,21961.0,21961.0
2025-03-27 10:30:00,34,20031.0,21375.97311922308,21488.0,21488.0
2025-03-27 10:30:00,35,20071.0,21053.614214077646,21391.0,21391.0
2025-03-27 10:30:00,36,19862.0,20845.138494226398,21183.0,21183.0
2025-03-27 10:30:00,37,19646.0,21027.288603408768,21328.0,21328.0
2025-03-27 10:30:00,38,20243.0,21091.076050106654,21548.0,21548.0
2025-03-27 10:30:00,39,21117.0,21806.766701909448,22346.0,22346.0
2025-03-27 10:30:00,40,23131.0,24100.25425841495,24569.0,24569.0
2025-03-27 10:30:00,41,24657.0,25513.947523128034,25823.0,25823.0
2025-03-27 10:30:00,42,27403.0,27817.773787134418,28683.0,28683.0
2025-03-27 10:30:00,43,27997.0,28323.06885223287,29241.0,29241.0
2025-03-27 10:30:00,44,27742.0,28612.70406097911,29645.0,29645.0
2025-03-27 10:30:00,45,26741.0,28436.333700798627,29484.0,29484.0
2025-03-27 10:30:00,46,26286.0,28362.31087629901,29261.0,29261.0
2025-03-27 10:30:00,47,25192.0,27870.09110751444,28432.0,28432.0
2025-03-27 10:30:00,48,24584.0,26788.41370279724,27507.0,27507.0
2025-02-05 20:00:00,1,38820.0,36349.5391088055,36103.0,36103.0
2025-02-05 20:00:00,2,37873.0,35360.773886740884,34711.0,34711.0
2025-02-05 20:00:00,3,36014.0,33131.57894735126,32714.0,32714.0
2025-02-05 20:00:00,4,34326.0,31661.851525386006,31232.0,31232.0
2025-02-05 20:00:00,5,32336.0,29392.374921278508,29247.0,29247.0
2025-02-05 20:00:00,6,30794.0,27537.96414215307,27540.0,27540.0
2025-02-05 20:00:00,7,28911.0,26281.117756710428,25934.0,25934.0
2025-02-05 20:00:00,8,27979.0,25981.517823257578,25067.0,25067.0
2025-02-05 20:00:00,9,27862.0,25299.894534396706,25104.0,25104.0
2025-02-05 20:00:00,10,28446.0,25808.182121617567,25722.0,25722.0
2025-02-05 20:00:00,11,28155.0,25594.900442241058,25346.0,25346.0
2025-02-05 20:00:00,12,27544.0,25335.765606296045,24833.0,24833.0
2025-02-05 20:00:00,13,27025.0,24955.39341102534,24358.0,24358.0
2025-02-05 20:00:00,14,26967.0,24882.484030655796,24225.0,24225.0
2025-02-05 20:00:00,15,26593.0,24835.208376897204,23815.0,23815.0
2025-02-05 20:00:00,16,26045.0,24623.127163242054,23531.0,23531.0
2025-02-05 20:00:00,17,25802.0,24241.300292851472,23168.0,23168.0
2025-02-05 20:00:00,18,25836.0,24285.616785432445,23168.0,23168.0
2025-02-05 20:00:00,19,26353.0,25197.83125090804,24005.0,24005.0
2025-02-05 20:00:00,20,27540.0,25799.454730411508,25290.0,25290.0
2025-02-05 20:00:00,21,30241.0,28025.583492834874,28084.0,28084.0
2025-02-05 20:00:00,22,32934.0,31311.824518887854,31064.0,31064.0
2025-02-05 20:00:00,23,35824.0,34123.93549496793,34034.0,34034.0
2025-02-05 20:00:00,24,37073.0,34895.54259086637,35480.0,35480.0
2025-02-05 20:00:00,25,39460.0,35932.67783612279,37063.0,37063.0
2025-02-05 20:00:00,26,39350.0,35822.78952424151,36940.0,36940.0
2025-02-05 20:00:00,27,38890.0,35874.02607189088,37088.0,37088.0
2025-02-05 20:00:00,28,38104.0,35190.903424544136,36443.0,36443.0
2025-02-05 20:00:00,29,36968.0,35000.2318360091,35862.0,35862.0
2025-02-05 20:00:00,30,35991.0,35582.99475257529,35449.0,35449.0
2025-02-05 20:00:00,31,35059.0,35334.491250959174,34705.0,34705.0
2025-02-05 20:00:00,32,34471.0,34980.252536625616,34364.0,34364.0
2025-02-05 20:00:00,33,34168.0,35473.921951368466,34889.0,34889.0
2025-02-05 20:00:00,34,33931.0,35600.033712348835,35107.0,35107.0
2025-02-05 20:00:00,35,33763.0,35447.22741803437,34832.0,34832.0
2025-02-05 20:00:00,36,33208.0,35162.77285207008,35251.0,35251.0
2025-02-05 20:00:00,37,33481.0,35151.237613085694,35281.0,35281.0
2025-02-05 20:00:00,38,33762.0,35586.413095613185,35867.0,35867.0
2025-02-05 20:00:00,39,34978.0,35744.179985720315,35980.0,35980.0
2025-02-05 20:00:00,40,36361.0,36457.74021872191,36982.0,36982.0
2025-02-05 20:00:00,41,38021.0,38782.140924999934,38643.0,38643.0
2025-02-05 20:00:00,42,39429.0,39528.10092313374,39787.0,39787.0
2025-02-05 20:00:00,43,40380.0,40290.94286572872,40679.0,40679.0
2025-02-05 20:00:00,44,41026.0,40982.085087914995,41580.0,41580.0
2025-02-05 20:00:00,45,41681.0,41536.76956131543,41638.0,41638.0
2025-02-05 20:00:00,46,41611.0,41089.76358842654,41287.0,41287.0
2025-02-05 20:00:00,47,41206.0,40603.955949193834,40766.0,40766.0
2025-02-05 20:00:00,48,40151.0,39302.8939796351,39817.0,39817.0
2025-02-19 04:00:00,1,24599.0,26117.132286195338,25581.0,25581.0
2025-02-19 04:00:00,2,24556.0,26280.876502773903,25728.0,25728.0
2025-02-19 04:00:00,3,24899.0,26794.275675833145,26226.0,26226.0
2025-02-19 04:00:00,4,25919.0,27341.891408346346,27360.0,27360.0
2025-02-19 04:00:00,5,28159.0,29766.84919258771,29534.0,29534.0
2025-02-19 04:00:00,6,30656.0,32041.466472294254,31135.0,31135.0
2025-02-19 04:00:00,7,33649.0,34391.969054672874,33261.0,33261.0
2025-02-19 04:00:00,8,34872.0,35494.380549567424,34839.0,34839.0
2025-02-19 04:00:00,9,37473.0,37228.02997201203,37371.0,37371.0
2025-02-19 04:00:00,10,37964.0,37146.9699375983,37469.0,37469.0
2025-02-19 04:00:00,11,38991.0,37156.50679308291,37750.0,37750.0
2025-02-19 04:00:00,12,38726.0,36620.97479364371,36389.0,36389.0
2025-02-19 04:00:00,13,38674.0,36653.88918387871,35939.0,35939.0
2025-02-19 04:00:00,14,38494.0,36113.52076788784,34936.0,34936.0
2025-02-19 04:00:00,15,38331.0,36394.28359688895,34284.0,34284.0
2025-02-19 04:00:00,16,38448.0,36499.898563293136,33718.0,33718.0
2025-02-19 04:00:00,17,38537.0,36483.0872832672,33647.0,33647.0
2025-02-19 04:00:00,18,38917.0,36447.24195238431,33358.0,33358.0
2025-02-19 04:00:00,19,38897.0,36326.52337997228,33377.0,33377.0
2025-02-19 04:00:00,20,38352.0,36131.87725704603,33505.0,33505.0
2025-02-19 04:00:00,21,38378.0,35927.68937786368,33535.0,33535.0
2025-02-19 04:00:00,22,38543.0,36068.02342663278,33699.0,33699.0
2025-02-19 04:00:00,23,38154.0,36274.68973105747,34448.0,34448.0
2025-02-19 04:00:00,24,38633.0,37419.01584632511,36457.0,36457.0
2025-02-19 04:00:00,25,38916.0,38340.38114915632,37103.0,37103.0
2025-02-19 04:00:00,26,39985.0,39763.16827270668,38673.0,38673.0
2025-02-19 04:00:00,27,41154.0,40831.65066493697,40489.0,40489.0
2025-02-19 04:00:00,28,41586.0,42195.23482374661,41611.0,41611.0
2025-02-19 04:00:00,29,41605.0,42327.770463488705,42166.0,42166.0
2025-02-19 04:00:00,30,40985.0,42199.084489677545,41843.0,41843.0
2025-02-19 04:00:00,31,40510.0,41443.48055156626,40989.0,40989.0
2025-02-19 04:00:00,32,39304.0,39857.410897890826,39686.0,39686.0
2025-02-19 04:00:00,33,37528.0,39040.562212946585,38440.0,38440.0
2025-02-19 04:00:00,34,35906.0,37975.69669415649,37014.0,37014.0
2025-02-19 04:00:00,35,33826.0,36040.52652346305,35226.0,35226.0
2025-02-19 04:00:00,36,31909.0,34716.06522446639,33508.0,33508.0
2025-02-19 04:00:00,37,29719.0,32375.88112631887,31550.0,31550.0
2025-02-19 04:00:00,38,27802.0,30751.325818561032,29630.0,29630.0
2025-02-19 04:00:00,39,26067.0,28685.30823917033,27756.0,27756.0
2025-02-19 04:00:00,40,25415.0,27679.20901549794,27444.0,27444.0
2025-02-19 04:00:00,41,24860.0,27582.223414238553,27340.0,27340.0
2025-02-19 04:00:00,42,25776.0,28010.7804621506,27531.0,27531.0
2025-02-19 04:00:00,43,25045.0,27566.622730553172,26940.0,26940.0
2025-02-19 04:00:00,44,24349.0,26787.922726748344,26312.0,26312.0
2025-02-19 04:00:00,45,23618.0,26497.86395038236,25813.0,25813.0
2025-02-19 04:00:00,46,23251.0,26428.405692291995,25784.0,25784.0
2025-02-19 04:00:00,47,22601.0,25589.487381751802,25273.0,25273.0
2025-02-19 04:00:00,48,22435.0,25531.138883844586,24943.0,24943.0
2025-03-30 16:30:00,1,21905.68085106383,25946.045918824184,25881.0,25881.0
2025-03-30 16:30:00,2,23920.787234042546,26549.938426559078,27642.0,27642.0
2025-03-30 16:30:00,3,25763.234042553187,27249.838548478085,28724.0,28724.0
2025-03-30 16:30:00,4,27385.63829787234,28321.4554825881,29452.0,29452.0
2025-03-30 16:30:00,5,28816.382978723403,28956.325881348555,29686.0,29686.0
2025-03-30 16:30:00,6,29695.51063829787,28440.664823012772,29564.0,29564.0
2025-03-30 16:30:00,7,30077.78723404256,27877.972588391924,28742.0,28742.0
2025-03-30 16:30:00,8,30327.25531914893,28276.47907191051,27802.0,27802.0
2025-03-30 16:30:00,9,29720.93617021277,27849.44536788963,26967.0,26967.0
2025-03-30 16:30:00,10,28692.638297872345,27678.06797026971,25824.0,25824.0
2025-03-30 16:30:00,11,27871.89361702128,26440.87365098623,24809.0,24809.0
2025-03-30 16:30:00,12,26941.82978723404,25147.959488297158,23438.0,23438.0
2025-03-30 16:30:00,13,25675.82978723405,24311.392462727916,22316.0,22316.0
2025-03-30 16:30:00,14,24100.04255319149,22965.90016001352,20836.0,20836.0
2025-03-30 16:30:00,15,23516.0,21998.497698900424,20209.0,20209.0
2025-03-30 16:30:00,16,22914.0,22469.260841798798,20203.0,20203.0
2025-03-30 16:30:00,17,22363.0,22400.87255094228,20607.042553191488,20607.042553191488
2025-03-30 16:30:00,18,22408.0,21958.265343760464,20127.297872340427,20127.297872340427
2025-03-30 16:30:00,19,22616.0,21522.025061064036,19747.76595744681,19747.76595744681
2025-03-30 16:30:00,20,22688.0,20909.405716294164,19226.021276595744,19226.021276595744
2025-03-30 16:30:00,21,22222.0,20074.386231899272,18855.042553191488,18855.042553191488
2025-03-30 16:30:00,22,21881.0,19975.772552803195,18333.44680851064,18333.44680851064
2025-03-30 16:30:00,23,21540.0,19616.70192006719,17903.36170212766,17903.36170212766
2025-03-30 16:30:00,24,21652.0,19640.583394208297,17890.872340425532,17890.872340425532
2025-03-30 16:30:00,25,21628.0,19688.250615088247,17782.72340425532,17782.72340425532
2025-03-30 16:30:00,26,21934.0,20074.695009300765,17870.425531914894,17870.425531914894
2025-03-30 16:30:00,27,22940.0,21461.32075178114,18166.91489361702,18166.91489361702
2025-03-30 16:30:00,28,24779.0,23084.117055109517,18675.936170212764,18675.936170212764
2025-03-30 16:30:00,29,26784.0,24810.42964646801,19222.06382978724,19222.06382978724
2025-03-30 16:30:00,30,28728.0,26409.071510372007,19618.297872340423,19618.297872340423
2025-03-30 16:30:00,31,29589.0,27385.131233687753,19878.72340425532,19878.72340425532
2025-03-30 16:30:00,32,30490.0,27258.329102985164,19695.212765957447,19695.212765957447
2025-03-30 16:30:00,33,29964.0,26753.996966090504,19302.87234042553,19302.87234042553
2025-03-30 16:30:00,34,29304.0,26688.28274100379,18837.957446808512,18837.957446808512
2025-03-30 16:30:00,35,28229.0,26659.7804707474,18189.382978723406,18189.382978723406
2025-03-30 16:30:00,36,27191.0,25942.758896365893,17209.021276595744,17209.021276595744
2025-03-30 16:30:00,37,26081.0,25832.422107708095,16528.702127659577,16528.702127659577
2025-03-30 16:30:00,38,25099.0,25955.84228169469,15986.021276595744,15986.021276595744
2025-03-30 16:30:00,39,24433.0,25735.812276518318,15816.17021276596,15816.17021276596
2025-03-30 16:30:00,40,23968.0,25070.778040558966,15418.829787234044,15418.829787234044
2025-03-30 16:30:00,41,23451.0,24696.821004878242,15061.744680851063,15061.744680851063
2025-03-30 16:30:00,42,22779.0,24200.324811711744,14522.382978723404,14522.382978723404
2025-03-30 16:30:00,43,22391.0,24111.240785694597,14880.574468085104,14880.574468085104
2025-03-30 16:30:00,44,22347.0,24066.95485446975,14819.787234042553,14819.787234042553
2025-03-30 16:30:00,45,22430.0,23832.75629204117,15554.72340425532,15554.72340425532
2025-03-30 16:30:00,46,22490.0,24009.91556494087,16720.021276595744,16720.021276595744
2025-03-30 16:30:00,47,23348.0,24392.877452897537,18150.382978723395,18150.382978723395
2025-03-30 16:30:00,48,24407.0,25984.63248206077,19932.51063829787,19932.51063829787
2025-02-11 20:30:00,1,37986.0,37287.70848269774,37461.0,37461.0
2025-02-11 20:30:00,2,35845.0,35095.81460040134,35480.0,35480.0
2025-02-11 20:30:00,3,33920.0,33327.15722578067,33622.0,33622.0
2025-02-11 20:30:00,4,32062.0,30884.149634645306,31709.0,31709.0
2025-02-11 20:30:00,5,30113.0,28786.400352737128,29867.0,29867.0
2025-02-11 20:30:00,6,28520.0,27312.77254546216,27873.0,27873.0
2025-02-11 20:30:00,7,27554.0,26496.180868199765,26822.0,26822.0
2025-02-11 20:30:00,8,27674.0,26576.597679535404,27256.0,27256.0
2025-02-11 20:30:00,9,28172.0,27585.202815807992,27587.0,27587.0
2025-02-11 20:30:00,10,27872.0,27259.369291035968,27166.0,27166.0
2025-02-11 20:30:00,11,27049.0,26811.107724812777,26667.0,26667.0
2025-02-11 20:30:00,12,26678.0,26530.509074418438,26372.0,26372.0
2025-02-11 20:30:00,13,26272.0,26325.355885433983,26005.0,26005.0
2025-02-11 20:30:00,14,25674.0,25900.523028192707,25660.0,25660.0
2025-02-11 20:30:00,15,25297.0,25398.358036592228,25240.0,25240.0
2025-02-11 20:30:00,16,24948.0,25384.8206174916,24983.0,24983.0
2025-02-11 20:30:00,17,24891.0,25404.260855903125,24909.0,24909.0
2025-02-11 20:30:00,18,25446.0,26023.534852797344,25413.0,25413.0
2025-02-11 20:30:00,19,26736.0,26742.17004392539,26564.0,26564.0
2025-02-11 20:30:00,20,29537.0,28764.938860308695,29236.0,29236.0
2025-02-11 20:30:00,21,32332.0,31874.877613895187,31884.0,31884.0
2025-02-11 20:30:00,22,35400.0,35390.144024567155,35149.0,35149.0
2025-02-11 20:30:00,23,36812.0,36570.2065699747,36831.0,36831.0
2025-02-11 20:30:00,24,38431.0,37964.54991915251,38704.0,38704.0
2025-02-11 20:30:00,25,38974.0,38095.01834012146,39036.0,39036.0
2025-02-11 20:30:00,26,40291.0,38761.84281274037,40189.0,40189.0
2025-02-11 20:30:00,27,40257.0,39152.102939409095,41035.0,41035.0
2025-02-11 20:30:00,28,40152.0,39106.80456388848,41219.0,41219.0
2025-02-11 20:30:00,29,40004.0,40065.068473047744,41172.0,41172.0
2025-02-11 20:30:00,30,40062.0,40818.30374676527,41432.0,41432.0
2025-02-11 20:30:00,31,39976.0,39942.552124580914,41324.0,41324.0
2025-02-11 20:30:00,32,40457.0,40404.51544966168,41219.0,41219.0
2025-02-11 20:30:00,33,40643.0,40612.35552501417,41243.0,41243.0
2025-02-11 20:30:00,34,40157.0,40643.24301948297,41206.0,41206.0
2025-02-11 20:30:00,35,40205.0,40553.2473155067,41081.0,41081.0
2025-02-11 20:30:00,36,40400.0,40087.28200153464,40808.0,40808.0
2025-02-11 20:30:00,37,40446.0,40041.65278488273,40812.0,40812.0
2025-02-11 20:30:00,38,40126.0,40029.92423547281,40749.0,40749.0
2025-02-11 20:30:00,39,40634.0,40521.523201524215,41216.0,41216.0
2025-02-11 20:30:00,40,41400.0,41801.24714623727,41536.0,41536.0
2025-02-11 20:30:00,41,42243.0,42143.795869097994,42139.0,42139.0
2025-02-11 20:30:00,42,42697.0,42855.885606730786,43254.0,43254.0
2025-02-11 20:30:00,43,43312.0,42420.2487293691,43349.0,43349.0
2025-02-11 20:30:00,44,43246.0,42834.35531683919,43051.0,43051.0
2025-02-11 20:30:00,45,42750.0,42308.64002219891,42701.0,42701.0
2025-02-11 20:30:00,46,41864.0,41641.92925714187,42153.0,42153.0
2025-02-11 20:30:00,47,41406.0,40315.25676849367,41131.0,41131.0
2025-02-11 20:30:00,48,40048.0,38815.579736556494,39677.0,39677.0
2025-04-23 10:00:00,1,27900.0,25240.33170792575,24093.0,24093.0
2025-04-23 10:00:00,2,27729.0,24855.50692152161,23794.0,23794.0
2025-04-23 10:00:00,3,27398.0,24762.749465127294,23437.0,23437.0
2025-04-23 10:00:00,4,27128.0,24160.630836315486,23080.0,23080.0
2025-04-23 10:00:00,5,26916.0,24461.733820319987,23064.0,23064.0
2025-04-23 10:00:00,6,26743.0,24241.749533308346,22936.0,22936.0
2025-04-23 10:00:00,7,26754.0,24161.324245684205,22787.0,22787.0
2025-04-23 10:00:00,8,26224.0,24164.354437283502,22604.0,22604.0
2025-04-23 10:00:00,9,26115.0,23796.208193068458,22428.0,22428.0
2025-04-23 10:00:00,10,26250.0,23946.597877200085,22389.0,22389.0
2025-04-23 10:00:00,11,26684.0,23739.807000238598,22622.0,22622.0
2025-04-23 10:00:00,12,27227.0,24162.10727937323,23428.0,23428.0
2025-04-23 10:00:00,13,27335.0,24435.8312448601,24424.0,24424.0
2025-04-23 10:00:00,14,28494.0,25743.544517514005,25926.0,25926.0
2025-04-23 10:00:00,15,29203.0,27412.829945324713,27218.0,27218.0
2025-04-23 10:00:00,16,29950.0,28457.77126259873,28649.0,28649.0
2025-04-23 10:00:00,17,30172.0,28895.822169142095,29062.0,29062.0
2025-04-23 10:00:00,18,30558.0,29595.040946566445,29577.0,29577.0
2025-04-23 10:00:00,19,30898.0,29808.153663881243,29727.0,29727.0
2025-04-23 10:00:00,20,31031.0,30156.009691604075,29717.0,29717.0
2025-04-23 10:00:00,21,31224.0,30015.0179311476,29329.0,29329.0
2025-04-23 10:00:00,22,31118.0,29427.73488316256,29004.0,29004.0
2025-04-23 10:00:00,23,30315.0,29058.817781649526,28577.0,28577.0
2025-04-23 10:00:00,24,29347.0,27956.355281749424,27189.0,27189.0
2025-04-23 10:00:00,25,27607.0,26523.090422944126,25807.0,25807.0
2025-04-23 10:00:00,26,25766.0,24956.536946455377,24530.0,24530.0
2025-04-23 10:00:00,27,24225.0,23700.680575551483,22799.0,22799.0
2025-04-23 10:00:00,28,23167.0,23070.066334358395,22169.0,22169.0
2025-04-23 10:00:00,29,22527.0,21741.70403251463,21575.0,21575.0
2025-04-23 10:00:00,30,22313.0,21246.657030545633,21241.0,21241.0
2025-04-23 10:00:00,31,21985.0,21095.6137188878,21081.0,21081.0
2025-04-23 10:00:00,32,21861.0,21144.095666725047,21013.0,21013.0
2025-04-23 10:00:00,33,21651.0,20849.772887505125,20885.0,20885.0
2025-04-23 10:00:00,34,21472.0,20517.576240865354,20558.0,20558.0
2025-04-23 10:00:00,35,21281.0,20361.447617053807,20038.0,20038.0
2025-04-23 10:00:00,36,21057.0,19942.111157559822,19818.0,19818.0
2025-04-23 10:00:00,37,20995.0,19892.68484906668,19868.0,19868.0
2025-04-23 10:00:00,38,21004.0,19884.885961892673,20054.0,20054.0
2025-04-23 10:00:00,39,21210.0,20280.282034779135,20537.0,20537.0
2025-04-23 10:00:00,40,21829.0,21115.205921420067,21522.0,21522.0
2025-04-23 10:00:00,41,23919.0,23666.03986342601,23637.0,23637.0
2025-04-23 10:00:00,42,25656.0,24689.123909762184,25195.0,25195.0
2025-04-23 10:00:00,43,27890.0,26865.45705993676,27697.0,27697.0
2025-04-23 10:00:00,44,28588.0,27563.10670047832,28407.0,28407.0
2025-04-23 10:00:00,45,29583.0,27958.86684069477,29459.0,29459.0
2025-04-23 10:00:00,46,29518.0,27897.05749847679,29169.0,29169.0
2025-04-23 10:00:00,47,29133.0,27583.127997720865,29073.0,29073.0
2025-04-23 10:00:00,48,28591.0,26946.48097871304,28533.0,28533.0
2025-02-21 00:00:00,1,23610.0,24832.618058727792,24860.0,24860.0
2025-02-21 00:00:00,2,24247.0,25851.731106750864,25776.0,25776.0
2025-02-21 00:00:00,3,23510.0,25660.661619083814,25045.0,25045.0
2025-02-21 00:00:00,4,23302.0,24948.781173656862,24349.0,24349.0
2025-02-21 00:00:00,5,21692.0,24108.271726338877,23618.0,23618.0
2025-02-21 00:00:00,6,21450.0,23686.154110150357,23251.0,23251.0
2025-02-21 00:00:00,7,21073.0,23104.453956856294,22601.0,22601.0
2025-02-21 00:00:00,8,20725.0,22874.522107787594,22435.0,22435.0
2025-02-21 00:00:00,9,20197.0,22692.99762811496,22095.0,22095.0
2025-02-21 00:00:00,10,19951.0,22643.822512881827,21851.0,21851.0
2025-02-21 00:00:00,11,20451.0,22490.342040947835,22390.0,22390.0
2025-02-21 00:00:00,12,20963.0,22984.00559362438,23046.0,23046.0
2025-02-21 00:00:00,13,23116.0,25710.64878323684,25275.0,25275.0
2025-02-21 00:00:00,14,24834.0,28018.129450400316,26936.0,26936.0
2025-02-21 00:00:00,15,26750.0,29998.28838630269,29199.0,29199.0
2025-02-21 00:00:00,16,27731.0,31013.783786416927,30481.0,30481.0
2025-02-21 00:00:00,17,29817.0,32602.065602558196,32581.0,32581.0
2025-02-21 00:00:00,18,30515.0,32963.53206445732,33412.0,33412.0
2025-02-21 00:00:00,19,31352.0,33212.90135558927,34205.0,34205.0
2025-02-21 00:00:00,20,31337.0,33224.852674321446,34326.0,34326.0
2025-02-21 00:00:00,21,31274.0,33809.21233486289,34346.0,34346.0
2025-02-21 00:00:00,22,31276.0,34017.456030187685,34023.0,34023.0
2025-02-21 00:00:00,23,31920.0,34180.55689423095,34200.0,34200.0
2025-02-21 00:00:00,24,31402.0,34195.78985003668,34222.0,34222.0
2025-02-21 00:00:00,25,31396.0,34589.81232071998,34383.0,34383.0
2025-02-21 00:00:00,26,31335.0,34867.329281373444,34193.0,34193.0
2025-02-21 00:00:00,27,30941.0,34984.07435756668,34291.0,34291.0
2025-02-21 00:00:00,28,30511.0,34303.109500001374,33884.0,33884.0
2025-02-21 00:00:00,29,30361.0,34184.70751112752,33678.0,33678.0
2025-02-21 00:00:00,30,30289.0,34150.510055216204,33405.0,33405.0
2025-02-21 00:00:00,31,30710.0,34065.59632089469,33276.0,33276.0
2025-02-21 00:00:00,32,31002.0,34236.63110690675,33462.0,33462.0
2025-02-21 00:00:00,33,32188.0,35185.60033753718,33785.0,33785.0
2025-02-21 00:00:00,34,32876.0,35775.295286727516,34892.0,34892.0
2025-02-21 00:00:00,35,33861.0,36387.25787477301,36102.0,36102.0
2025-02-21 00:00:00,36,34594.0,37127.087777478344,37016.0,37016.0
2025-02-21 00:00:00,37,35089.0,37286.43385158055,37166.0,37166.0
2025-02-21 00:00:00,38,34763.0,36929.40968301889,36726.0,36726.0
2025-02-21 00:00:00,39,34068.0,36379.44573675662,36217.0,36217.0
2025-02-21 00:00:00,40,32985.0,35299.90790616705,35062.0,35062.0
2025-02-21 00:00:00,41,31665.0,33925.55733868359,33713.0,33713.0
2025-02-21 00:00:00,42,30843.0,32526.23389235378,32390.0,32390.0
2025-02-21 00:00:00,43,29515.0,31209.511076006438,30818.0,30818.0
2025-02-21 00:00:00,44,28912.0,29723.131240528463,29389.0,29389.0
2025-02-21 00:00:00,45,27299.0,27761.016736383317,27387.0,27387.0
2025-02-21 00:00:00,46,26213.0,26727.16807682707,26123.0,26123.0
2025-02-21 00:00:00,47,24687.0,24907.73890925919,24549.0,24549.0
2025-02-21 00:00:00,48,23757.0,24053.909786560227,23668.0,23668.0
2025-11-25 08:00:00,1,37970.0,36694.97094208158,36491.0,36491.0
2025-11-25 08:00:00,2,37942.0,37067.73225611037,36961.0,36961.0
2025-11-25 08:00:00,3,38145.0,37382.071852178706,37647.0,37647.0
2025-11-25 08:00:00,4,37338.0,37669.590265066916,37608.0,37608.0
2025-11-25 08:00:00,5,36359.0,37753.018497620345,37046.0,37046.0
2025-11-25 08:00:00,6,35728.0,37797.672398706454,36841.0,36841.0
2025-11-25 08:00:00,7,35233.0,37754.3828881964,36742.0,36742.0
2025-11-25 08:00:00,8,34769.0,38124.33548543715,36812.0,36812.0
2025-11-25 08:00:00,9,35143.0,38206.563854148975,37047.0,37047.0
2025-11-25 08:00:00,10,35243.0,38319.946610827305,37151.0,37151.0
2025-11-25 08:00:00,11,36008.0,38196.44259970637,37089.0,37089.0
2025-11-25 08:00:00,12,36366.0,38266.659021786254,37034.0,37034.0
2025-11-25 08:00:00,13,36868.0,38195.07850398991,37484.0,37484.0
2025-11-25 08:00:00,14,37217.0,38747.89800056279,38208.0,38208.0
2025-11-25 08:00:00,15,38212.0,38822.876611029984,38470.0,38470.0
2025-11-25 08:00:00,16,38922.0,39540.80861420608,39166.0,39166.0
2025-11-25 08:00:00,17,40817.0,40680.542718261066,40301.0,40301.0
2025-11-25 08:00:00,18,42032.0,41486.354418923984,41183.0,41183.0
2025-11-25 08:00:00,19,42560.0,41977.2617648475,41891.0,41891.0
2025-11-25 08:00:00,20,42704.0,42073.35539065908,41666.0,41666.0
2025-11-25 08:00:00,21,42680.0,41457.51896261799,40865.0,40865.0
2025-11-25 08:00:00,22,42407.0,40812.75430590809,40217.0,40217.0
2025-11-25 08:00:00,23,41716.0,40151.23923781702,39646.0,39646.0
2025-11-25 08:00:00,24,40632.0,38692.28899092306,38242.0,38242.0
2025-11-25 08:00:00,25,39592.0,37335.76466054672,36889.0,36889.0
2025-11-25 08:00:00,26,38356.0,36309.17195962979,35865.0,35865.0
2025-11-25 08:00:00,27,36940.0,34662.832728964044,34634.0,34634.0
2025-11-25 08:00:00,28,35163.0,32269.27170830314,32365.0,32365.0
2025-11-25 08:00:00,29,33542.0,30675.92570607138,30712.0,30712.0
2025-11-25 08:00:00,30,31793.0,28939.45743976587,29277.0,29277.0
2025-11-25 08:00:00,31,30235.0,27063.259252384043,27486.0,27486.0
2025-11-25 08:00:00,32,29340.0,26417.1947471923,26612.0,26612.0
2025-11-25 08:00:00,33,29640.0,26222.865127021116,26864.0,26864.0
2025-11-25 08:00:00,34,29830.0,26617.96559133488,27181.0,27181.0
2025-11-25 08:00:00,35,29419.0,26448.523294763312,26933.0,26933.0
2025-11-25 08:00:00,36,29130.0,26161.958591739665,26078.0,26078.0
2025-11-25 08:00:00,37,28977.0,26058.782105392576,25896.0,25896.0
2025-11-25 08:00:00,38,28004.0,25906.535228178636,25522.0,25522.0
2025-11-25 08:00:00,39,27701.0,25578.176695783848,25310.0,25310.0
2025-11-25 08:00:00,40,27362.0,25349.49953816117,24880.0,24880.0
2025-11-25 08:00:00,41,27091.0,24699.160853372567,24644.0,24644.0
2025-11-25 08:00:00,42,27090.0,24666.497766822213,24614.0,24614.0
2025-11-25 08:00:00,43,27184.0,25746.84258544233,25354.0,25354.0
2025-11-25 08:00:00,44,28174.0,26505.682674977852,26264.0,26264.0
2025-11-25 08:00:00,45,30956.0,28297.287823231025,28729.0,28729.0
2025-11-25 08:00:00,46,33749.0,31124.017697429997,31639.0,31639.0
2025-11-25 08:00:00,47,36278.0,34522.639457228935,34826.0,34826.0
2025-11-25 08:00:00,48,37559.0,36045.988307427295,36866.0,36866.0
2025-08-15 04:00:00,1,19920.0,18947.064942753444,20136.0,20136.0
2025-08-15 04:00:00,2,19876.0,18837.90847883228,20142.0,20142.0
2025-08-15 04:00:00,3,20127.0,19206.17724311897,20365.0,20365.0
2025-08-15 04:00:00,4,20219.0,19185.56461894935,20491.0,20491.0
2025-08-15 04:00:00,5,21808.0,20784.07244438443,22163.0,22163.0
2025-08-15 04:00:00,6,22698.0,21843.905393540354,23058.0,23058.0
2025-08-15 04:00:00,7,24114.0,23483.158041266364,24526.0,24526.0
2025-08-15 04:00:00,8,24874.0,24239.57843294029,25282.0,25282.0
2025-08-15 04:00:00,9,25427.0,24756.992566517485,26624.0,26624.0
2025-08-15 04:00:00,10,25049.0,24699.912445936912,26582.0,26582.0
2025-08-15 04:00:00,11,24576.0,24534.534518366465,26126.0,26126.0
2025-08-15 04:00:00,12,23826.0,24197.86805028685,25711.0,25711.0
2025-08-15 04:00:00,13,22941.0,23965.06872292107,25263.0,25263.0
2025-08-15 04:00:00,14,22058.0,23795.638791250894,24844.0,24844.0
2025-08-15 04:00:00,15,21430.0,23998.172962967186,24897.0,24897.0
2025-08-15 04:00:00,16,21022.0,23857.838536577397,24654.0,24654.0
2025-08-15 04:00:00,17,20861.0,24194.29610535094,24783.0,24783.0
2025-08-15 04:00:00,18,20815.0,23770.161755817506,24676.0,24676.0
2025-08-15 04:00:00,19,20771.0,23746.38697921703,24452.0,24452.0
2025-08-15 04:00:00,20,20537.0,23114.677447634258,24345.0,24345.0
2025-08-15 04:00:00,21,20984.0,22513.272006111543,24274.0,24274.0
2025-08-15 04:00:00,22,21358.0,22580.84637545274,24373.0,24373.0
2025-08-15 04:00:00,23,21673.0,22764.519175800033,24655.0,24655.0
2025-08-15 04:00:00,24,22146.0,22941.77549097136,24984.0,24984.0
2025-08-15 04:00:00,25,22987.0,23115.498162033004,24994.0,24994.0
2025-08-15 04:00:00,26,23965.0,23854.333081380162,26003.0,26003.0
2025-08-15 04:00:00,27,24833.0,24828.312683783464,26448.0,26448.0
2025-08-15 04:00:00,28,26250.0,25455.578824635275,27167.0,27167.0
2025-08-15 04:00:00,29,26728.0,25987.060663291217,27343.0,27343.0
2025-08-15 04:00:00,30,27615.0,26531.1755812785,28020.0,28020.0
2025-08-15 04:00:00,31,27990.0,26833.266760407096,28361.0,28361.0
2025-08-15 04:00:00,32,27805.0,26802.55775717798,28329.0,28329.0
2025-08-15 04:00:00,33,27810.0,26656.920531249893,28127.0,28127.0
2025-08-15 04:00:00,34,28144.0,26629.466253847902,28094.0,28094.0
2025-08-15 04:00:00,35,27590.0,26768.720627545652,27985.0,27985.0
2025-08-15 04:00:00,36,27229.0,26343.744419888644,27129.0,27129.0
2025-08-15 04:00:00,37,26443.0,25658.513148432834,26110.0,26110.0
2025-08-15 04:00:00,38,25054.0,24869.207278051377,25356.0,25356.0
2025-08-15 04:00:00,39,23713.0,23937.26519770288,24419.0,24419.0
2025-08-15 04:00:00,40,22766.0,22224.415908166255,22886.0,22886.0
2025-08-15 04:00:00,41,22246.0,21209.019710490255,22613.0,22613.0
2025-08-15 04:00:00,42,21652.0,20817.043830729996,22367.0,22367.0
2025-08-15 04:00:00,43,21173.0,20279.0640817296,21642.0,21642.0
2025-08-15 04:00:00,44,20734.0,19792.425530452416,21248.0,21248.0
2025-08-15 04:00:00,45,20393.0,19087.413511671573,20666.0,20666.0
2025-08-15 04:00:00,46,19727.0,18605.978913907365,20272.0,20272.0
2025-08-15 04:00:00,47,19442.0,18618.43609067831,20073.0,20073.0
2025-08-15 04:00:00,48,19185.0,18439.270993035043,19845.0,19845.0
2025-02-18 15:00:00,1,34448.0,36609.91597629968,36091.0,36091.0
2025-02-18 15:00:00,2,36457.0,37762.45547553543,37576.0,37576.0
2025-02-18 15:00:00,3,37103.0,39099.557181430864,38798.0,38798.0
2025-02-18 15:00:00,4,38673.0,40143.688721221006,40052.0,40052.0
2025-02-18 15:00:00,5,40489.0,40665.7998195826,41174.0,41174.0
2025-02-18 15:00:00,6,41611.0,41002.43451465719,42066.0,42066.0
2025-02-18 15:00:00,7,42166.0,41418.79471213287,42309.0,42309.0
2025-02-18 15:00:00,8,41843.0,41229.137495447474,42088.0,42088.0
2025-02-18 15:00:00,9,40989.0,40956.02653388569,41246.0,41246.0
2025-02-18 15:00:00,10,39686.0,40061.54080529855,40736.0,40736.0
2025-02-18 15:00:00,11,38440.0,39328.22741636716,39485.0,39485.0
2025-02-18 15:00:00,12,37014.0,38468.969889972715,37969.0,37969.0
2025-02-18 15:00:00,13,35226.0,36150.738341160475,36439.0,36439.0
2025-02-18 15:00:00,14,33508.0,34458.726700820145,34351.0,34351.0
2025-02-18 15:00:00,15,31550.0,32377.863322906902,32249.0,32249.0
2025-02-18 15:00:00,16,29630.0,30364.725425951787,30468.0,30468.0
2025-02-18 15:00:00,17,27756.0,28456.259731008297,28575.0,28575.0
2025-02-18 15:00:00,18,27444.0,27550.098127435067,27792.0,27792.0
2025-02-18 15:00:00,19,27340.0,27281.60174000203,27855.0,27855.0
2025-02-18 15:00:00,20,27531.0,28229.017608719118,28531.0,28531.0
2025-02-18 15:00:00,21,26940.0,28204.724716457647,28403.0,28403.0
2025-02-18 15:00:00,22,26312.0,27325.82386122272,27696.0,27696.0
2025-02-18 15:00:00,23,25813.0,26883.564539781688,27079.0,27079.0
2025-02-18 15:00:00,24,25784.0,26731.845501430125,26784.0,26784.0
2025-02-18 15:00:00,25,25273.0,26479.736671059676,26224.0,26224.0
2025-02-18 15:00:00,26,24943.0,26296.428485242384,25849.0,25849.0
2025-02-18 15:00:00,27,24599.0,26137.197683051105,25581.0,25581.0
2025-02-18 15:00:00,28,24556.0,26335.255440800225,25728.0,25728.0
2025-02-18 15:00:00,29,24899.0,26740.964819367477,26226.0,26226.0
2025-02-18 15:00:00,30,25919.0,27369.77393061639,27360.0,27360.0
2025-02-18 15:00:00,31,28159.0,29774.486246532288,29534.0,29534.0
2025-02-18 15:00:00,32,30656.0,32025.575598742096,31135.0,31135.0
2025-02-18 15:00:00,33,33649.0,34540.307339417464,33261.0,33261.0
2025-02-18 15:00:00,34,34872.0,35740.26200235746,34839.0,34839.0
2025-02-18 15:00:00,35,37473.0,37442.34588360712,37371.0,37371.0
2025-02-18 15:00:00,36,37964.0,37432.203165502746,37469.0,37469.0
2025-02-18 15:00:00,37,38991.0,37564.74543211573,37750.0,37750.0
2025-02-18 15:00:00,38,38726.0,37000.750208117715,36389.0,36389.0
2025-02-18 15:00:00,39,38674.0,36786.167780409414,35939.0,35939.0
2025-02-18 15:00:00,40,38494.0,36271.23681979044,34936.0,34936.0
2025-02-18 15:00:00,41,38331.0,36501.5824081369,34284.0,34284.0
2025-02-18 15:00:00,42,38448.0,36568.97553826187,33718.0,33718.0
2025-02-18 15:00:00,43,38537.0,36654.9740649698,33647.0,33647.0
2025-02-18 15:00:00,44,38917.0,36357.859766475776,33358.0,33358.0
2025-02-18 15:00:00,45,38897.0,36274.82356143197,33377.0,33377.0
2025-02-18 15:00:00,46,38352.0,36085.59304697366,33505.0,33505.0
2025-02-18 15:00:00,47,38378.0,35909.24358400547,33535.0,33535.0
2025-02-18 15:00:00,48,38543.0,36150.504765537684,33699.0,33699.0
2025-07-10 10:00:00,1,22562.0,22532.18004593334,22754.0,22754.0
2025-07-10 10:00:00,2,21643.0,22549.90798754113,22678.0,22678.0
2025-07-10 10:00:00,3,21532.0,22553.205755417803,22515.0,22515.0
2025-07-10 10:00:00,4,21318.0,22303.669537236296,22267.0,22267.0
2025-07-10 10:00:00,5,21257.0,22168.473923692498,22445.0,22445.0
2025-07-10 10:00:00,6,21257.0,21944.013537055394,21833.0,21833.0
2025-07-10 10:00:00,7,21281.0,21820.278331681973,21928.0,21928.0
2025-07-10 10:00:00,8,20997.0,21758.471013441722,21923.0,21923.0
2025-07-10 10:00:00,9,20920.0,21759.735414482147,21941.0,21941.0
2025-07-10 10:00:00,10,21178.0,21612.896517224086,21750.0,21750.0
2025-07-10 10:00:00,11,21255.0,21722.225666215487,21911.0,21911.0
2025-07-10 10:00:00,12,22238.0,22150.573316635106,22574.0,22574.0
2025-07-10 10:00:00,13,23258.0,23011.35387764661,23353.0,23353.0
2025-07-10 10:00:00,14,24746.0,23999.05042221385,24586.0,24586.0
2025-07-10 10:00:00,15,25707.0,24883.56770685287,25134.0,25134.0
2025-07-10 10:00:00,16,26940.0,25951.764118917155,26385.0,26385.0
2025-07-10 10:00:00,17,27279.0,26699.107665892985,27207.0,27207.0
2025-07-10 10:00:00,18,28133.0,26957.20241298079,28027.0,28027.0
2025-07-10 10:00:00,19,29010.0,27458.34498046424,28063.0,28063.0
2025-07-10 10:00:00,20,28991.0,27564.54967375968,28140.0,28140.0
2025-07-10 10:00:00,21,29054.0,27438.042408315134,27840.0,27840.0
2025-07-10 10:00:00,22,28798.0,27220.345251908,27464.0,27464.0
2025-07-10 10:00:00,23,28794.0,27054.168406227946,27503.0,27503.0
2025-07-10 10:00:00,24,28467.0,26630.03146961865,27161.0,27161.0
2025-07-10 10:00:00,25,27822.0,26229.657316856166,26656.0,26656.0
2025-07-10 10:00:00,26,27239.0,25459.008962567532,25796.0,25796.0
2025-07-10 10:00:00,27,25823.0,24335.146771765914,24362.0,24362.0
2025-07-10 10:00:00,28,24619.0,23248.426691650282,23425.0,23425.0
2025-07-10 10:00:00,29,24092.0,21657.298875318633,22751.0,22751.0
2025-07-10 10:00:00,30,23400.0,21609.36578051647,22529.0,22529.0
2025-07-10 10:00:00,31,22918.0,21258.673892401424,22073.0,22073.0
2025-07-10 10:00:00,32,22516.0,20914.109776609777,21923.0,21923.0
2025-07-10 10:00:00,33,21786.0,20422.889572799504,21343.0,21343.0
2025-07-10 10:00:00,34,21450.0,19714.966192759122,20929.0,20929.0
2025-07-10 10:00:00,35,21189.0,19602.611182057233,20852.0,20852.0
2025-07-10 10:00:00,36,20958.0,19304.553423637528,20465.0,20465.0
2025-07-10 10:00:00,37,20952.0,19053.565495869327,20218.0,20218.0
2025-07-10 10:00:00,38,20463.0,18958.963065138625,20018.0,20018.0
2025-07-10 10:00:00,39,20666.0,19039.93209949734,19975.0,19975.0
2025-07-10 10:00:00,40,20818.0,19222.612434627412,20312.0,20312.0
2025-07-10 10:00:00,41,22343.0,20889.467414610812,21930.0,21930.0
2025-07-10 10:00:00,42,23183.0,22003.813198263957,22949.0,22949.0
2025-07-10 10:00:00,43,24359.0,23588.77851622339,24385.0,24385.0
2025-07-10 10:00:00,44,24649.0,24169.484096786433,24659.0,24659.0
2025-07-10 10:00:00,45,25305.0,24608.728640531386,25407.0,25407.0
2025-07-10 10:00:00,46,25081.0,23960.570780731876,24863.0,24863.0
2025-07-10 10:00:00,47,24633.0,23861.559908539934,24491.0,24491.0
2025-07-10 10:00:00,48,23855.0,23229.64173442856,23597.0,23597.0
2025-05-13 09:30:00,1,21994.0,25322.104649901066,24178.0,24178.0
2025-05-13 09:30:00,2,20985.0,24779.35159974787,23298.0,23298.0
2025-05-13 09:30:00,3,20234.0,24271.393797102526,22692.0,22692.0
2025-05-13 09:30:00,4,19603.0,24128.99665277845,22244.0,22244.0
2025-05-13 09:30:00,5,19336.0,23811.73513022853,21922.0,21922.0
2025-05-13 09:30:00,6,19427.0,23649.14244761269,21962.0,21962.0
2025-05-13 09:30:00,7,19097.0,23275.665927116177,21575.0,21575.0
2025-05-13 09:30:00,8,18847.0,23147.391476371362,21284.0,21284.0
2025-05-13 09:30:00,9,18808.0,22688.343581887253,21238.0,21238.0
2025-05-13 09:30:00,10,18662.0,22550.75209707547,21199.0,21199.0
2025-05-13 09:30:00,11,18987.0,22567.229274876583,21350.0,21350.0
2025-05-13 09:30:00,12,19135.0,22543.399324104335,21503.0,21503.0
2025-05-13 09:30:00,13,20040.0,23279.50969816319,21941.0,21941.0
2025-05-13 09:30:00,14,20926.0,23822.34427987654,22664.0,22664.0
2025-05-13 09:30:00,15,22275.0,24818.381851948325,23665.0,23665.0
2025-05-13 09:30:00,16,23839.0,26289.505340502667,24972.0,24972.0
2025-05-13 09:30:00,17,25137.0,27370.88562714384,26058.0,26058.0
2025-05-13 09:30:00,18,26145.0,28098.459458943384,26820.0,26820.0
2025-05-13 09:30:00,19,27052.0,28322.295888318135,27392.0,27392.0
2025-05-13 09:30:00,20,27252.0,28713.320816283307,27969.0,27969.0
2025-05-13 09:30:00,21,27609.0,28916.440164346128,28116.0,28116.0
2025-05-13 09:30:00,22,27667.0,29037.62520514842,28107.0,28107.0
2025-05-13 09:30:00,23,27233.0,28862.25074020474,27712.0,27712.0
2025-05-13 09:30:00,24,27321.0,28449.930278929787,27488.0,27488.0
2025-05-13 09:30:00,25,27101.0,27650.59403279201,26641.0,26641.0
2025-05-13 09:30:00,26,25686.0,26509.668074679983,25329.0,25329.0
2025-05-13 09:30:00,27,24313.0,25142.536684037274,23842.0,23842.0
2025-05-13 09:30:00,28,22705.0,23556.75938735975,22370.0,22370.0
2025-05-13 09:30:00,29,21612.0,22628.992879445508,21767.0,21767.0
2025-05-13 09:30:00,30,21171.0,21564.040911164775,21450.0,21450.0
2025-05-13 09:30:00,31,20553.0,21244.806577189545,21098.0,21098.0
2025-05-13 09:30:00,32,20266.0,21086.035752471023,20913.0,20913.0
2025-05-13 09:30:00,33,20248.0,20981.942931602585,20774.0,20774.0
2025-05-13 09:30:00,34,19919.0,20632.2112103077,20481.0,20481.0
2025-05-13 09:30:00,35,19578.0,20182.148007311007,20044.0,20044.0
2025-05-13 09:30:00,36,19234.0,20063.186593124232,19755.0,19755.0
2025-05-13 09:30:00,37,19157.0,19946.73768573522,19592.0,19592.0
2025-05-13 09:30:00,38,18760.0,19517.535292670334,19289.0,19289.0
2025-05-13 09:30:00,39,18557.0,19511.046463415354,19264.0,19264.0
2025-05-13 09:30:00,40,18698.0,19743.032874295062,19393.0,19393.0
2025-05-13 09:30:00,41,19274.0,20056.381653211163,19761.0,19761.0
2025-05-13 09:30:00,42,21004.0,21834.233506115495,21462.0,21462.0
2025-05-13 09:30:00,43,22285.0,23029.49934799393,22929.0,22929.0
2025-05-13 09:30:00,44,23852.0,24730.844776570568,24419.0,24419.0
2025-05-13 09:30:00,45,24228.0,25154.10004031124,24570.0,24570.0
2025-05-13 09:30:00,46,24055.0,25313.165618482744,24173.0,24173.0
2025-05-13 09:30:00,47,23308.0,24653.542791879798,23489.0,23489.0
2025-05-13 09:30:00,48,22727.0,23914.63660342608,22705.0,22705.0
2025-08-12 03:30:00,1,19722.0,18905.251839375665,18888.0,18888.0
2025-08-12 03:30:00,2,19513.0,18380.98313166756,18173.0,18173.0
2025-08-12 03:30:00,3,19528.0,18291.221318005482,18123.0,18123.0
2025-08-12 03:30:00,4,19604.0,18560.73785404066,18534.0,18534.0
2025-08-12 03:30:00,5,19799.0,19147.526148509718,19050.0,19050.0
2025-08-12 03:30:00,6,21273.0,19728.761978176855,20338.0,20338.0
2025-08-12 03:30:00,7,22309.0,21311.334246317194,21519.0,21519.0
2025-08-12 03:30:00,8,23968.0,23931.026711014005,23360.0,23360.0
2025-08-12 03:30:00,9,24827.0,24729.47560686672,23936.0,23936.0
2025-08-12 03:30:00,10,25572.0,25172.3926475015,25028.0,25028.0
2025-08-12 03:30:00,11,25822.0,24795.724761508605,24862.0,24862.0
2025-08-12 03:30:00,12,25693.0,24905.08877911458,24579.0,24579.0
2025-08-12 03:30:00,13,25323.0,24149.83416897409,23758.0,23758.0
2025-08-12 03:30:00,14,24126.0,23029.46937633937,22927.0,22927.0
2025-08-12 03:30:00,15,23871.0,23108.14828618663,22353.0,22353.0
2025-08-12 03:30:00,16,23624.0,22944.333333790648,22044.0,22044.0
2025-08-12 03:30:00,17,22771.0,22968.20474804928,21793.0,21793.0
2025-08-12 03:30:00,18,22624.0,23250.884112745596,21954.0,21954.0
2025-08-12 03:30:00,19,22226.0,23180.565888029654,22115.0,22115.0
2025-08-12 03:30:00,20,22352.0,23179.168302584727,22163.0,22163.0
2025-08-12 03:30:00,21,22250.0,22795.84629298391,22455.0,22455.0
2025-08-12 03:30:00,22,22006.0,22878.87047674285,22867.0,22867.0
2025-08-12 03:30:00,23,22180.0,23521.129269325273,23607.0,23607.0
2025-08-12 03:30:00,24,22372.0,23890.0442823877,24388.0,24388.0
2025-08-12 03:30:00,25,23236.0,24163.47618830734,25327.0,25327.0
2025-08-12 03:30:00,26,24164.0,24654.53581652842,26605.0,26605.0
2025-08-12 03:30:00,27,25442.0,25571.70309783975,27939.0,27939.0
2025-08-12 03:30:00,28,26507.0,26637.542794405523,28806.0,28806.0
2025-08-12 03:30:00,29,27808.0,27566.999296371887,29503.0,29503.0
2025-08-12 03:30:00,30,28655.0,27987.078204472866,29666.0,29666.0
2025-08-12 03:30:00,31,29338.0,28103.858198059836,29679.0,29679.0
2025-08-12 03:30:00,32,29471.0,27989.911756042176,29111.0,29111.0
2025-08-12 03:30:00,33,29682.0,28130.700289729557,29216.0,29216.0
2025-08-12 03:30:00,34,29664.0,28596.964810049016,29597.0,29597.0
2025-08-12 03:30:00,35,29525.0,28090.654942424884,28721.0,28721.0
2025-08-12 03:30:00,36,29486.0,27903.55709892251,28833.0,28833.0
2025-08-12 03:30:00,37,28797.0,27096.567361351834,28001.0,28001.0
2025-08-12 03:30:00,38,27369.0,25993.445934335716,26434.0,26434.0
2025-08-12 03:30:00,39,26115.0,25067.310102359876,25265.0,25265.0
2025-08-12 03:30:00,40,24804.0,23993.51948362516,23850.0,23850.0
2025-08-12 03:30:00,41,23747.0,22849.083688495728,23012.0,23012.0
2025-08-12 03:30:00,42,22993.0,21619.00944205206,22251.0,22251.0
2025-08-12 03:30:00,43,22704.0,20812.683211764965,21761.0,21761.0
2025-08-12 03:30:00,44,22112.0,20259.920564853568,21032.0,21032.0
2025-08-12 03:30:00,45,21826.0,20155.40427502164,20859.0,20859.0
2025-08-12 03:30:00,46,21241.0,20056.4755522407,20761.0,20761.0
2025-08-12 03:30:00,47,20877.0,19759.268650257778,20407.0,20407.0
2025-08-12 03:30:00,48,20746.0,19560.253901804073,20107.0,20107.0
2025-06-17 17:30:00,1,25553.0,25893.182274147704,24581.0,24581.0
2025-06-17 17:30:00,2,26742.0,26511.549497604297,25151.0,25151.0
2025-06-17 17:30:00,3,27277.0,27371.02717278433,26429.0,26429.0
2025-06-17 17:30:00,4,27306.0,27946.38963029398,27181.0,27181.0
2025-06-17 17:30:00,5,27766.0,28162.10229737278,27529.0,27529.0
2025-06-17 17:30:00,6,27823.0,28139.057070654988,27474.0,27474.0
2025-06-17 17:30:00,7,27480.0,27810.860242472372,27073.0,27073.0
2025-06-17 17:30:00,8,27333.0,27774.83442396097,26655.0,26655.0
2025-06-17 17:30:00,9,26765.0,27195.35030861203,26183.0,26183.0
2025-06-17 17:30:00,10,26393.0,26607.208043702376,25675.0,25675.0
2025-06-17 17:30:00,11,25169.0,25585.131599599288,24575.0,24575.0
2025-06-17 17:30:00,12,23686.0,24236.037884059882,23044.0,23044.0
2025-06-17 17:30:00,13,22517.0,23091.068822571284,21954.0,21954.0
2025-06-17 17:30:00,14,21900.0,21624.69632066689,21295.0,21295.0
2025-06-17 17:30:00,15,21659.0,21341.579947548464,20881.0,20881.0
2025-06-17 17:30:00,16,21255.0,20961.511209538083,20418.0,20418.0
2025-06-17 17:30:00,17,20939.0,20799.617397109825,20141.0,20141.0
2025-06-17 17:30:00,18,20725.0,20294.890559214593,19763.0,19763.0
2025-06-17 17:30:00,19,20456.0,19879.921231078468,19351.0,19351.0
2025-06-17 17:30:00,20,20004.0,19282.852450254482,18839.0,18839.0
2025-06-17 17:30:00,21,19748.0,18875.8259994335,18321.0,18321.0
2025-06-17 17:30:00,22,19564.0,18738.332401735104,17948.0,17948.0
2025-06-17 17:30:00,23,19377.0,18786.223646667102,17686.0,17686.0
2025-06-17 17:30:00,24,19450.0,18685.796602858703,18146.0,18146.0
2025-06-17 17:30:00,25,19806.0,19206.87445879647,18524.0,18524.0
2025-06-17 17:30:00,26,21867.0,20513.918021794074,20107.0,20107.0
2025-06-17 17:30:00,27,22791.0,22031.690322979688,21359.0,21359.0
2025-06-17 17:30:00,28,24431.0,23766.864333971953,23328.0,23328.0
2025-06-17 17:30:00,29,24776.0,24385.895953642543,23921.0,23921.0
2025-06-17 17:30:00,30,24852.0,24475.485131784037,24164.0,24164.0
2025-06-17 17:30:00,31,24372.0,24021.86209999222,23636.0,23636.0
2025-06-17 17:30:00,32,23894.0,23692.61925710187,23112.0,23112.0
2025-06-17 17:30:00,33,23366.0,23198.232039992417,22249.0,22249.0
2025-06-17 17:30:00,34,22683.0,22538.525702168146,21363.0,21363.0
2025-06-17 17:30:00,35,21870.0,22216.56169946021,20921.0,20921.0
2025-06-17 17:30:00,36,21530.0,21871.48325416571,20769.0,20769.0
2025-06-17 17:30:00,37,21017.0,21368.10328020342,20456.0,20456.0
2025-06-17 17:30:00,38,20853.0,21504.61720343433,20095.0,20095.0
2025-06-17 17:30:00,39,20443.0,21512.411458751892,19824.0,19824.0
2025-06-17 17:30:00,40,20244.0,21447.585653713748,19693.0,19693.0
2025-06-17 17:30:00,41,20045.0,21262.553326328798,19597.0,19597.0
2025-06-17 17:30:00,42,19911.0,21235.321332150077,19468.0,19468.0
2025-06-17 17:30:00,43,19855.0,21242.97280926374,19433.0,19433.0
2025-06-17 17:30:00,44,20113.0,21401.400702556628,19851.0,19851.0
2025-06-17 17:30:00,45,20843.0,21366.858714917005,20684.0,20684.0
2025-06-17 17:30:00,46,21994.0,22050.201011540874,21889.0,21889.0
2025-06-17 17:30:00,47,23461.0,23265.51844514442,23133.0,23133.0
2025-06-17 17:30:00,48,24747.0,24370.511163365674,23862.0,23862.0
2025-07-21 21:30:00,1,26493.0,26532.616858337584,25402.0,25402.0
2025-07-21 21:30:00,2,25410.0,25854.540116734137,24944.0,24944.0
2025-07-21 21:30:00,3,24201.0,24865.834594432898,23994.0,23994.0
2025-07-21 21:30:00,4,23174.0,23698.15073391264,22531.0,22531.0
2025-07-21 21:30:00,5,21958.0,22437.819634171003,21334.0,21334.0
2025-07-21 21:30:00,6,21483.0,21019.252798924812,20828.0,20828.0
2025-07-21 21:30:00,7,21072.0,20710.382531770207,20692.0,20692.0
2025-07-21 21:30:00,8,20734.0,20337.124001464796,20293.0,20293.0
2025-07-21 21:30:00,9,20725.0,20126.151612506954,20017.0,20017.0
2025-07-21 21:30:00,10,20272.0,19976.6230538201,19964.0,19964.0
2025-07-21 21:30:00,11,19513.0,19568.252594986825,19564.0,19564.0
2025-07-21 21:30:00,12,19289.0,19285.622126102586,19239.0,19239.0
2025-07-21 21:30:00,13,19015.0,19055.156624851814,19070.0,19070.0
2025-07-21 21:30:00,14,18950.0,18854.944801485603,19141.0,19141.0
2025-07-21 21:30:00,15,18784.0,18709.866349729768,18976.0,18976.0
2025-07-21 21:30:00,16,18922.0,19225.754699111432,19278.0,19278.0
2025-07-21 21:30:00,17,19191.0,19895.529531367796,19658.0,19658.0
2025-07-21 21:30:00,18,20544.0,20923.04366829965,21065.0,21065.0
2025-07-21 21:30:00,19,21423.0,22842.192276050348,22200.0,22200.0
2025-07-21 21:30:00,20,23303.0,24759.12475232671,23802.0,23802.0
2025-07-21 21:30:00,21,24243.0,25291.51334630073,24660.0,24660.0
2025-07-21 21:30:00,22,25421.0,25519.511268551276,25511.0,25511.0
2025-07-21 21:30:00,23,25647.0,25136.433971851005,25207.0,25207.0
2025-07-21 21:30:00,24,25658.0,25285.420576113986,25316.0,25316.0
2025-07-21 21:30:00,25,25482.0,25073.882660595842,24864.0,24864.0
2025-07-21 21:30:00,26,25549.0,25128.28212925729,24626.0,24626.0
2025-07-21 21:30:00,27,25151.0,25079.333826057667,24454.0,24454.0
2025-07-21 21:30:00,28,25073.0,25205.452108107544,24400.0,24400.0
2025-07-21 21:30:00,29,24719.0,24985.23088970628,24285.0,24285.0
2025-07-21 21:30:00,30,24923.0,24894.186833475516,24750.0,24750.0
2025-07-21 21:30:00,31,24756.0,24994.4880432599,24781.0,24781.0
2025-07-21 21:30:00,32,24692.0,24811.019707663905,24403.0,24403.0
2025-07-21 21:30:00,33,24614.0,24326.309560889702,23866.0,23866.0
2025-07-21 21:30:00,34,24776.0,24371.07197438603,23931.0,23931.0
2025-07-21 21:30:00,35,24714.0,24250.772266422275,23883.0,23883.0
2025-07-21 21:30:00,36,24695.0,24228.898193294688,23999.0,23999.0
2025-07-21 21:30:00,37,25167.0,24629.863558261757,24246.0,24246.0
2025-07-21 21:30:00,38,25812.0,24857.276251161355,24532.0,24532.0
2025-07-21 21:30:00,39,26580.0,25751.557430487053,25530.0,25530.0
2025-07-21 21:30:00,40,27632.0,26697.29168273394,26570.0,26570.0
2025-07-21 21:30:00,41,28492.0,27741.834381824097,27571.0,27571.0
2025-07-21 21:30:00,42,28487.0,28222.569722060227,28146.0,28146.0
2025-07-21 21:30:00,43,28701.0,28581.97860392933,28472.0,28472.0
2025-07-21 21:30:00,44,28528.0,28625.474510165273,28704.0,28704.0
2025-07-21 21:30:00,45,28106.0,28537.327185937967,28448.0,28448.0
2025-07-21 21:30:00,46,27538.0,27918.080334225797,28048.0,28048.0
2025-07-21 21:30:00,47,26976.0,27628.834207931213,27527.0,27527.0
2025-07-21 21:30:00,48,26929.0,27359.788723561276,27182.0,27182.0
2025-02-14 08:30:00,1,38492.0,37506.91887697148,38479.0,38479.0
2025-02-14 08:30:00,2,39451.0,37926.887560838775,39791.0,39791.0
2025-02-14 08:30:00,3,39164.0,38204.23905380765,40067.0,40067.0
2025-02-14 08:30:00,4,38740.0,38299.04503710081,39837.0,39837.0
2025-02-14 08:30:00,5,38069.0,38681.76176281234,39818.0,39818.0
2025-02-14 08:30:00,6,37573.0,39155.537988136384,40222.0,40222.0
2025-02-14 08:30:00,7,37033.0,39244.59241124085,39863.0,39863.0
2025-02-14 08:30:00,8,36641.0,39563.60507517601,40115.0,40115.0
2025-02-14 08:30:00,9,36396.0,39578.6136654589,40153.0,40153.0
2025-02-14 08:30:00,10,36093.0,39348.82030953051,40243.0,40243.0
2025-02-14 08:30:00,11,35673.0,39238.65191763761,40101.0,40101.0
2025-02-14 08:30:00,12,35491.0,39026.105361483744,39912.0,39912.0
2025-02-14 08:30:00,13,35523.0,38630.15300972691,39863.0,39863.0
2025-02-14 08:30:00,14,36164.0,38889.297151111656,39788.0,39788.0
2025-02-14 08:30:00,15,37431.0,39188.98335238902,40579.0,40579.0
2025-02-14 08:30:00,16,38569.0,40263.66183048889,41109.0,41109.0
2025-02-14 08:30:00,17,39718.0,41379.98118692102,41976.0,41976.0
2025-02-14 08:30:00,18,40897.0,41530.3628603917,42741.0,42741.0
2025-02-14 08:30:00,19,41620.0,41834.68363482101,43318.0,43318.0
2025-02-14 08:30:00,20,41646.0,41816.87736742197,43306.0,43306.0
2025-02-14 08:30:00,21,41091.0,41548.990915305825,42872.0,42872.0
2025-02-14 08:30:00,22,41021.0,40846.345915288504,41981.0,41981.0
2025-02-14 08:30:00,23,40014.0,39425.56595539121,41036.0,41036.0
2025-02-14 08:30:00,24,38643.0,38088.570413937734,39639.0,39639.0
2025-02-14 08:30:00,25,37254.0,37032.02928303974,37972.0,37972.0
2025-02-14 08:30:00,26,35836.0,34741.81528907856,36027.0,36027.0
2025-02-14 08:30:00,27,34076.0,33048.47994970995,34166.0,34166.0
2025-02-14 08:30:00,28,32525.0,31264.17867090725,31964.0,31964.0
2025-02-14 08:30:00,29,31395.0,29801.88618025785,30592.0,30592.0
2025-02-14 08:30:00,30,29336.0,27957.586797157717,28942.0,28942.0
2025-02-14 08:30:00,31,28352.0,27047.23711617959,27793.0,27793.0
2025-02-14 08:30:00,32,28662.0,26441.829274989977,27816.0,27816.0
2025-02-14 08:30:00,33,29115.0,26933.70467568386,28344.0,28344.0
2025-02-14 08:30:00,34,28532.0,26486.620001850482,28110.0,28110.0
2025-02-14 08:30:00,35,27762.0,25588.696151772536,27286.0,27286.0
2025-02-14 08:30:00,36,27293.0,25533.970991507835,26852.0,26852.0
2025-02-14 08:30:00,37,26671.0,25301.4826272458,26520.0,26520.0
2025-02-14 08:30:00,38,26067.0,24717.28126721313,25813.0,25813.0
2025-02-14 08:30:00,39,25426.0,24389.958601016446,25681.0,25681.0
2025-02-14 08:30:00,40,24586.0,24239.816839028634,25052.0,25052.0
2025-02-14 08:30:00,41,24495.0,24323.93168873334,25179.0,25179.0
2025-02-14 08:30:00,42,24512.0,24338.831982890235,25387.0,25387.0
2025-02-14 08:30:00,43,25097.0,24778.817980865075,26565.0,26565.0
2025-02-14 08:30:00,44,25976.0,26293.168554699983,29061.0,29061.0
2025-02-14 08:30:00,45,27023.0,27148.595890086617,31760.0,31760.0
2025-02-14 08:30:00,46,28568.0,28647.525176592415,34526.0,34526.0
2025-02-14 08:30:00,47,29446.0,29612.730234215738,36311.0,36311.0
2025-02-14 08:30:00,48,31723.0,32172.59966767351,37908.0,37908.0
2025-11-25 17:30:00,1,42704.0,41856.76069495238,41666.0,41666.0
2025-11-25 17:30:00,2,42680.0,41331.18870710449,40865.0,40865.0
2025-11-25 17:30:00,3,42407.0,40706.74044835624,40217.0,40217.0
2025-11-25 17:30:00,4,41716.0,39974.34936019967,39646.0,39646.0
2025-11-25 17:30:00,5,40632.0,38420.244980471114,38242.0,38242.0
2025-11-25 17:30:00,6,39592.0,36978.445213652536,36889.0,36889.0
2025-11-25 17:30:00,7,38356.0,35957.09265949264,35865.0,35865.0
2025-11-25 17:30:00,8,36940.0,34685.855121407985,34634.0,34634.0
2025-11-25 17:30:00,9,35163.0,32263.847374753557,32365.0,32365.0
2025-11-25 17:30:00,10,33542.0,30692.34011229793,30712.0,30712.0
2025-11-25 17:30:00,11,31793.0,28914.760190565044,29277.0,29277.0
2025-11-25 17:30:00,12,30235.0,27344.513970031592,27486.0,27486.0
2025-11-25 17:30:00,13,29340.0,26382.423109510815,26612.0,26612.0
2025-11-25 17:30:00,14,29640.0,26199.452720561225,26864.0,26864.0
2025-11-25 17:30:00,15,29830.0,26605.443242686295,27181.0,27181.0
2025-11-25 17:30:00,16,29419.0,26285.460784124407,26933.0,26933.0
2025-11-25 17:30:00,17,29130.0,26124.339874509576,26078.0,26078.0
2025-11-25 17:30:00,18,28977.0,26044.46500310942,25896.0,25896.0
2025-11-25 17:30:00,19,28004.0,25783.50002769981,25522.0,25522.0
2025-11-25 17:30:00,20,27701.0,25552.677250543118,25310.0,25310.0
2025-11-25 17:30:00,21,27362.0,25324.00009292044,24880.0,24880.0
2025-11-25 17:30:00,22,27091.0,24577.40613820291,24644.0,24644.0
2025-11-25 17:30:00,23,27090.0,24544.743051652556,24614.0,24614.0
2025-11-25 17:30:00,24,27184.0,25773.904143461063,25354.0,25354.0
2025-11-25 17:30:00,25,28174.0,26521.318447193044,26264.0,26264.0
2025-11-25 17:30:00,26,30956.0,28355.972271977076,28729.0,28729.0
2025-11-25 17:30:00,27,33749.0,31136.34234587405,31639.0,31639.0
2025-11-25 17:30:00,28,36278.0,34545.23107931266,34826.0,34826.0
2025-11-25 17:30:00,29,37559.0,36030.00810390747,36866.0,36866.0
2025-11-25 17:30:00,30,38604.0,37119.529253262,37970.0,37970.0
2025-11-25 17:30:00,31,38328.0,37205.032414405716,37942.0,37942.0
2025-11-25 17:30:00,32,38845.0,37550.87021018764,38145.0,38145.0
2025-11-25 17:30:00,33,38341.0,37344.439027099215,37338.0,37338.0
2025-11-25 17:30:00,34,37473.0,37069.23649249067,36359.0,36359.0
2025-11-25 17:30:00,35,37172.0,36764.047627088425,35728.0,35728.0
2025-11-25 17:30:00,36,37300.0,36800.92132864398,35233.0,35233.0
2025-11-25 17:30:00,37,36819.0,36353.79470383441,34769.0,34769.0
2025-11-25 17:30:00,38,36583.0,36631.53231536879,35143.0,35143.0
2025-11-25 17:30:00,39,36669.0,36702.37896855556,35243.0,35243.0
2025-11-25 17:30:00,40,36673.0,36847.48555273212,36008.0,36008.0
2025-11-25 17:30:00,41,36986.0,37096.59874515465,36366.0,36366.0
2025-11-25 17:30:00,42,37702.0,37262.27681885136,36868.0,36868.0
2025-11-25 17:30:00,43,38319.0,37521.69211510994,37217.0,37217.0
2025-11-25 17:30:00,44,38807.0,38574.04951263662,38212.0,38212.0
2025-11-25 17:30:00,45,39844.0,38848.223081646975,38922.0,38922.0
2025-11-25 17:30:00,46,40955.0,40824.57034141319,40817.0,40817.0
2025-11-25 17:30:00,47,42004.0,41798.54989488974,42032.0,42032.0
2025-11-25 17:30:00,48,41570.0,41927.664864142534,42560.0,42560.0
